time(s),temperature (K),pressure(Bar),volume (m3),velocity (m/s)
1e-05,397.99999999783944,0.7764544882464627,0.00021113320000000003,-0.005344903983251097
2e-05,398.00002378561834,0.7764546537397985,0.0002111331676183618,-0.010689807966502193
3.0000000000000004e-05,398.0000902030505,0.776455115807552,0.00021113307720681937,-0.016034711949753287
4e-05,398.00019947446236,0.7764558760134174,0.00021113292845938405,-0.021379615933004387
5e-05,398.0003515668836,0.776456934129972,0.0002111327214207485,-0.02672451991625548
6e-05,398.0005375958878,0.7764582283485463,0.0002111324681852023,-0.03206942389950657
7.000000000000001e-05,398.00076634747177,0.776459819795895,0.0002111321567926509,-0.03741432788275767
8e-05,398.00103338450583,0.7764616776029085,0.00021113179328378099,-0.04275923186600877
9e-05,398.00134349329994,0.7764638350702926,0.00021113137114345018,-0.04810413584925986
0.0001,398.00168002792617,0.7764661763929569,0.0002111309130312029,-0.05344903983251096
0.00011,398.0020563314597,0.7764687944002255,0.0002111304007845507,-0.05879394381576205
0.00012,398.00244897704044,0.7764715261079792,0.00021112986629415236,-0.06413884779901315
0.00013000000000000002,398.0028476030591,0.7764742994324181,0.0002111293236640725,-0.06948375178226425
0.00014000000000000001,398.00335316420137,0.7764778167357721,0.00021112863547154625,-0.07482865576551534
0.00015000000000000001,398.00386361155404,0.7764813680335483,0.0002111279406340284,-0.08017355974876644
0.00016,398.0043740589067,0.7764849193546999,0.00021112724579651059,-0.08551846373201755
0.00017,398.00499166272385,0.7764892162088267,0.0002111264050981654,-0.09086336771526862
0.00018,398.00561991456755,0.7764935871498428,0.00021112554991352807,-0.09620827169851973
0.00019,398.0062481687163,0.7764979581307662,0.00021112469472889074,-0.10155317568177083
0.0002,398.00687642517005,0.7765023291515966,0.00021112383954425342,-0.10689807966502192
0.00021,398.00750468392886,0.7765067002123351,0.0002111229843596161,-0.11224298364827301
0.00022,398.00822711623266,0.776511726502045,0.00021112200099148739,-0.1175878876315241
0.00023,398.0090518095037,0.7765174642918224,0.00021112087843567603,-0.12293279161477519
0.00024,398.0099318405787,0.7765235871434824,0.00021111968055984807,-0.1282776955980263
0.00025,398.01085913027975,0.7765300388387675,0.00021111841836638637,-0.1336225995812774
0.00026000000000000003,398.0118288899501,0.7765367860651615,0.00021111709837512934,-0.1389675035645285
0.00027000000000000006,398.0128409893119,0.7765438279218744,0.0002111157207648822,-0.1443124075477796
0.0002800000000000001,398.0138835614242,0.7765510818475452,0.00021111430168957378,-0.1496573115310307
0.0002900000000000001,398.0149680473535,0.7765586274511931,0.00021111282557777035,-0.15500221551428184
0.00030000000000000014,398.0160948672834,0.7765664676626641,0.0002111112918591821,-0.16034711949753297
0.00031000000000000016,398.01726402916665,0.776574602543911,0.00021110970052467585,-0.16569202348078405
0.0003200000000000002,398.0184636691271,0.7765829495532948,0.0002111080677236055,-0.17103692746403515
0.0003300000000000002,398.0197052251821,0.7765915882817565,0.0002111063778895073,-0.1763818314472863
0.00034000000000000024,398.0209891201767,0.7766005216786899,0.0002111046304487208,-0.18172673543053738
0.00035000000000000027,398.02231536371664,0.7766097498184173,0.00021110282539011526,-0.1870716394137885
0.0003600000000000003,398.02367209139265,0.776619190153672,0.0002111009788632719,-0.19241654339703962
0.0003700000000000003,398.02507073808727,0.7766289222571218,0.00021109907530687843,-0.1977614473802907
0.00038000000000000035,398.02651172933,0.7766389490978202,0.00021109711414389363,-0.2031063513635418
0.00039000000000000037,398.02799507635814,0.7766492707623595,0.00021109509536120524,-0.20845125534679293
0.0004000000000000004,398.02950891419545,0.7766598046972892,0.00021109303510857304,-0.213796159330044
0.0004100000000000004,398.0310646746405,0.7766706304575732,0.00021109091782988367,-0.21914106331329514
0.00042000000000000045,398.03266278590496,0.7766817510319992,0.0002110887429447006,-0.22448596729654627
0.0004300000000000005,398.034303260857,0.7766931665193744,0.00021108651043794574,-0.22983087127979734
0.0004400000000000005,398.0359742339142,0.776704794359499,0.00021108423645950887,-0.23517577526304845
0.00045000000000000053,398.03768713381606,0.7767167140901466,0.0002110819054585231,-0.2405206792462996
0.00046000000000000056,398.0394423914808,0.7767289287199711,0.0002110795168511417,-0.2458655832295507
0.0004700000000000006,398.04124002013845,0.7767414383512765,0.00021107707062201784,-0.2512104872128018
0.0004800000000000006,398.0430799275764,0.776754242352828,0.00021107456689935535,-0.2565553911960529
0.0004900000000000006,398.04495030653925,0.7767672585664745,0.00021107202175273313,-0.261900295179304
0.0005000000000000007,398.0468627479031,0.776780567664106,0.00021106941941209136,-0.2672451991625551
0.0005100000000000007,398.04881756021206,0.776794171804062,0.0002110667594604664,-0.2725901031458063
0.0005200000000000007,398.0508146611456,0.776808070424825,0.000211064042012834,-0.2779350071290574
0.0005300000000000007,398.0528422409593,0.7768221813476388,0.00021106128314126729,-0.2832799111123085
0.0005400000000000008,398.05491188954295,0.7768365852423619,0.00021105846707836098,-0.2886248150955596
0.0005500000000000008,398.05702391755045,0.776851284283077,0.0002110555934045389,-0.2939697190788107
0.0005600000000000008,398.0591782448945,0.7768662779247182,0.00021105266223196302,-0.2993146230620618
0.0005700000000000008,398.0613630591209,0.7768814839659565,0.00021104968963543623,-0.3046595270453129
0.0005800000000000009,398.06358994913126,0.7768969830750606,0.00021104665985026473,-0.310004431028564
0.0005900000000000009,398.06585922770614,0.7769127774419637,0.00021104357245424547,-0.3153493350118151
0.0006000000000000009,398.0681708169877,0.7769288665379858,0.00021104042755674252,-0.3206942389950662
0.000610000000000001,398.0705129017786,0.7769451681386699,0.0002110372412352399,-0.3260391429783173
0.000620000000000001,398.07289707002127,0.7769617629112296,0.00021103399772780265,-0.3313840469615684
0.000630000000000001,398.07532363663927,0.7769786530615579,0.00021103069660958625,-0.3367289509448196
0.000640000000000001,398.07779252598795,0.7769958380772701,0.00021102733798717264,-0.34207385492807063
0.0006500000000000011,398.0802919200951,0.7770132357102298,0.0002110239379406783,-0.34741875891132173
0.0006600000000000011,398.08283340598155,0.777030926627147,0.00021102048071097474,-0.35276366289457284
0.0006700000000000011,398.0854173007243,0.7770489130499719,0.00021101696587056112,-0.358108566877824
0.0006800000000000011,398.08804353087476,0.7770671944825244,0.00021101339352325323,-0.3634534708610751
0.0006900000000000012,398.09070027566185,0.7770856886524499,0.00021100977975175135,-0.36879837484432626
0.0007000000000000012,398.0933991212087,0.7771044762264812,0.00021100610879978092,-0.3741432788275773
0.0007100000000000012,398.09614038675534,0.7771235594427214,0.00021100238023717005,-0.3794881828108284
0.0007200000000000012,398.0989240010505,0.7771429378211405,0.00021099859416498433,-0.3848330867940795
0.0007300000000000013,398.10173814049165,0.7771625290646106,0.00021099476666845918,-0.3901779907773306
0.0007400000000000013,398.10459439032314,0.7771824138404037,0.00021099088199422124,-0.3955228947605818
0.0007500000000000013,398.1074930719698,0.777202594402895,0.00021098693970941312,-0.40086779874383294
0.0007600000000000013,398.11043411635967,0.7772230702881144,0.00021098293991236598,-0.406212702727084
0.0007700000000000014,398.11340569702605,0.7772437591736036,0.00021097889869080172,-0.4115576067103351
0.0007800000000000014,398.11641939837796,0.7772647417277367,0.0002109748002942957,-0.4169025106935862
0.0007900000000000014,398.119475544027,0.7772860202212455,0.00021097064428729034,-0.4222474146768373
0.0008000000000000014,398.12257406707994,0.777307594206161,0.00021096643076539822,-0.42759231866008846
0.0008100000000000015,398.125703138165,0.7773293813341218,0.00021096217581877905,-0.43293722264333956
0.0008200000000000015,398.1288743408851,0.7773514622751422,0.0002109578637000044,-0.4382821266265906
0.0008300000000000015,398.1320880010605,0.77737383931643,0.00021095349397080173,-0.44362703060984177
0.0008400000000000016,398.1353440539426,0.7773965120258964,0.00021094906672408103,-0.44897193459309287
0.0008500000000000016,398.1386306672455,0.777419398028765,0.00021094459805239118,-0.45431683857634403
0.0008600000000000016,398.14195942380474,0.7774425779972464,0.0002109400722113472,-0.45966174255959513
0.0008700000000000016,398.14533065163675,0.7774660542350781,0.00021093548875994724,-0.46500664654284624
0.0008800000000000017,398.14874428814534,0.7774898263260125,0.00021093084778841438,-0.4703515505260973
0.0008900000000000017,398.15218849809895,0.7775138118683023,0.00021092616539163797,-0.47569645450934833
0.0009000000000000017,398.15567486355985,0.777538091536821,0.0002109214258283242,-0.48104135849259944
0.0009100000000000017,398.1592037147965,0.7775626676520272,0.0002109166286547269,-0.4863862624758507
0.0009200000000000018,398.16277499134327,0.7775875398134154,0.0002109117739583983,-0.49173116645910175
0.0009300000000000018,398.1663768549853,0.7776126255916996,0.00021090687783651958,-0.49707607044235297
0.0009400000000000018,398.17002088705556,0.7776380056649829,0.00021090192455093534,-0.502420974425604
0.0009500000000000018,398.17370742007245,0.7776636823705201,0.0002108969136551407,-0.5077658784088551
0.0009600000000000019,398.1774363956874,0.7776896553234677,0.00021089184523403277,-0.5131107823921062
0.0009700000000000019,398.1811959726779,0.7777158420664575,0.00021088673538703585,-0.5184556863753573
0.000980000000000002,398.18499773168475,0.7777423232813744,0.0002108815683791806,-0.5238005903586084
0.000990000000000002,398.1888420074757,0.77776910132235,0.00021087634376118857,-0.5291454943418596
0.001000000000000002,398.19272874381653,0.7777961758201433,0.00021087106161531773,-0.5344903983251106
0.001010000000000002,398.19664609644406,0.7778234642887436,0.0002108657380431868,-0.5398353023083617
0.001020000000000002,398.20060564532645,0.7778510474143356,0.00021086035731305997,-0.5451802062916128
0.001030000000000002,398.20460772751227,0.777878927568071,0.00021085491897287058,-0.550525110274864
0.001040000000000002,398.20865228886527,0.7779071043962262,0.00021084942310225322,-0.5558700142581151
0.001050000000000002,398.2127274820443,0.7779354953835765,0.00021084388580497253,-0.561214918241366
0.0010600000000000021,398.21684488638283,0.7779641812211634,0.00021083829135257353,-0.5665598222246173
0.0010700000000000022,398.2210048412141,0.7779931642972471,0.00021083263929018667,-0.5719047262078684
0.0010800000000000022,398.225207294487,0.7780224442735426,0.00021082692969483924,-0.5772496301911195
0.0010900000000000022,398.22944039576464,0.7780519386050803,0.00021082117867239297,-0.5825945341743705
0.0011000000000000022,398.2337157237707,0.7780817279882865,0.00021081537049772123,-0.5879394381576217
0.0011100000000000023,398.23803362012967,0.7781118148286261,0.00021080950471313693,-0.5932843421408728
0.0011200000000000023,398.2423940348711,0.7781421988031918,0.00021080358139307585,-0.5986292461241239
0.0011300000000000023,398.24678511443005,0.778172797336707,0.0002107976166454482,-0.6039741501073751
0.0011400000000000023,398.251218436939,0.7782036911315009,0.00021079159474850307,-0.6093190540906261
0.0011500000000000024,398.25569434634497,0.7782348826103864,0.00021078551524172134,-0.6146639580738772
0.0011600000000000024,398.2602127947361,0.7782663714657393,0.00021077937819696303,-0.6200088620571284
0.0011700000000000024,398.2647619253967,0.7782980750914313,0.0002107731997241382,-0.6253537660403794
0.0011800000000000024,398.26935331589397,0.7783300741962279,0.00021076696410491912,-0.6306986700236306
0.0011900000000000025,398.27398731250486,0.7783623712203882,0.00021076067087593987,-0.6360435740068816
0.0012000000000000025,398.27866386937546,0.7783949658715167,0.00021075432010650075,-0.6413884779901329
0.0012100000000000025,398.283371126586,0.7784277755120308,0.0002107479279084629,-0.6467333819733838
0.0012200000000000025,398.2881206611874,0.7784608808577087,0.00021074147856696928,-0.6520782859566351
0.0012300000000000026,398.29291282181254,0.7784942843663911,0.00021073497161579253,-0.657423189939886
0.0012400000000000026,398.29774756462655,0.7785279857607843,0.00021072840712168904,-0.6627680939231373
0.0012500000000000026,398.3026130264954,0.7785619023713298,0.00021072180119842236,-0.6681129979063883
0.0012600000000000027,398.3075207839818,0.7785961149213559,0.00021071513813465364,-0.6734579018896395
0.0012700000000000027,398.31247118805,0.778630625886322,0.0002107084174612794,-0.6788028058728907
0.0012800000000000027,398.31746419691837,0.7786654350040517,0.00021070163924252788,-0.6841477098561416
0.0012900000000000027,398.3224879442006,0.7787004595724348,0.00021069481959401653,-0.6894926138393929
0.0013000000000000028,398.3275540059824,0.7787357803228543,0.0002106879428079721,-0.6948375178226439
0.0013100000000000028,398.3326627355986,0.7787713997485501,0.0002106810084124003,-0.700182421805895
0.0013200000000000028,398.3378140932915,0.778807317602355,0.00021067401646901723,-0.7055273257891461
0.0013300000000000028,398.34299620938543,0.7788434511490325,0.00021066698309524538,-0.7108722297723972
0.0013400000000000029,398.34822065953296,0.7788798811285886,0.0002106598925869247,-0.7162171337556482
0.0013500000000000029,398.35348779945343,0.7789166100521573,0.00021065274446915535,-0.7215620377388995
0.001360000000000003,398.35879759138953,0.7789536376874848,0.0002106455388011571,-0.7269069417221505
0.001370000000000003,398.364138162356,0.7789908812656643,0.000210638291702109,-0.7322518457054017
0.001380000000000003,398.36952108759755,0.7790284215358584,0.00021063098747151147,-0.7375967496886527
0.001390000000000003,398.3749467252219,0.7790662610271891,0.0002106236256315445,-0.7429416536719039
0.001400000000000003,398.38041503948045,0.7791043995222818,0.0002106162062389475,-0.748286557655155
0.001410000000000003,398.38591415404306,0.7791427542179867,0.00021060874541460736,-0.7536314616384061
0.001420000000000003,398.3914556437657,0.7791814058731448,0.00021060122746173238,-0.7589763656216573
0.001430000000000003,398.3970398691695,0.7792203570350008,0.0002105936518995678,-0.7643212696049083
0.0014400000000000031,398.40266679649324,0.7792596075009697,0.00021058601878238848,-0.7696661735881594
0.0014500000000000032,398.40832454602764,0.7792990744330855,0.00021057834423274049,-0.7750110775714105
0.0014600000000000032,398.4140246922868,0.7793388386004433,0.00021057061255758746,-0.7803559815546616
0.0014700000000000032,398.4197675982102,0.7793789025685096,0.00021056282327322525,-0.7857008855379128
0.0014800000000000032,398.42555323200895,0.7794192661494077,0.00021055497643148005,-0.7910457895211638
0.0014900000000000033,398.43136971057453,0.7794598464698127,0.00021054708815650835,-0.796390693504415
0.0015000000000000033,398.4372286080923,0.7795007243095831,0.00021053914275907668,-0.801735597487666
0.0015100000000000033,398.44313028993804,0.77954190225253,0.00021053113975251682,-0.8070805014709173
0.0015200000000000033,398.449074726295,0.779583380125437,0.00021052307918622214,-0.8124254054541684
0.0015300000000000034,398.455050030617,0.7796250750190372,0.00021051497718591096,-0.8177703094374194
0.0015400000000000034,398.46106777679165,0.779667067724499,0.00021050681806620007,-0.8231152134206706
0.0015500000000000034,398.4671283326472,0.7797093608440981,0.00021049860133744253,-0.8284601174039216
0.0015600000000000034,398.47323167032175,0.7797519542191977,0.0002104903270466148,-0.8338050213871727
0.0015700000000000035,398.4793658998001,0.7797947649040179,0.00021048201132094834,-0.8391499253704239
0.0015800000000000035,398.48554259470944,0.7798378737015966,0.00021047363847895767,-0.8444948293536749
0.0015900000000000035,398.49176212533257,0.7798812832327678,0.00021046520802800242,-0.8498397333369262
0.0016000000000000035,398.4980244657748,0.7799249933534491,0.00021045672001265804,-0.8551846373201771
0.0016100000000000036,398.504317722498,0.7799689210807353,0.0002104481905616204,-0.8605295413034284
0.0016200000000000036,398.5106534689024,0.7800131472300837,0.00021043960399734935,-0.8658744452866793
0.0016300000000000036,398.5170320777553,0.7800576744410366,0.00021043095982419636,-0.8712193492699306
0.0016400000000000037,398.52345352507353,0.7801025025839093,0.00021042225808435175,-0.8765642532531817
0.0016500000000000037,398.5299059138058,0.7801475486381795,0.00021041351490792715,-0.8819091572364327
0.0016600000000000037,398.5364008171539,0.7801928934322676,0.00021040471462137515,-0.8872540612196839
0.0016700000000000037,398.5429386103685,0.780238539624512,0.00021039585672602445,-0.8925989652029349
0.0016800000000000038,398.54951927138956,0.7802844870996013,0.000210386941261696,-0.8979438691861861
0.0016900000000000038,398.55613089961815,0.7803306527988187,0.00021037798435986866,-0.903288773169437
0.0017000000000000038,398.5627850680542,0.7803771175640267,0.00021036897035103512,-0.9086336771526883
0.0017100000000000038,398.5694821544651,0.7804238840725182,0.00021035989873348664,-0.9139785811359393
0.0017200000000000039,398.5762221387094,0.7804709522232981,0.00021035076954469076,-0.9193234851191905
0.0017300000000000039,398.5829931165869,0.780518238918838,0.00021034159891744492,-0.9246683891024415
0.001740000000000004,398.589806660953,0.7805658250150441,0.00021033237118632926,-0.9300132930856928
0.001750000000000004,398.59666315209614,0.7806137132082624,0.000210323085846583,-0.9353581970689439
0.001760000000000004,398.6035625717704,0.7806619034117239,0.00021031374293333614,-0.940703101052195
0.001770000000000004,398.61049301216326,0.7807103124885533,0.00021030435858065594,-0.9460480050354461
0.001780000000000004,398.6174660460139,0.780759021309245,0.00021029491712725755,-0.9513929090186972
0.001790000000000004,398.62448205612935,0.7808080325892855,0.00021028541806531346,-0.9567378130019483
0.001800000000000004,398.63154102616164,0.78085734625609,0.00021027586142763208,-0.9620827169851993
0.001810000000000004,398.6386310446461,0.7809068791328454,0.00021026626334950173,-0.9674276209684504
0.0018200000000000041,398.64576368422127,0.7809567121051529,0.00021025660817381998,-0.9727725249517015
0.0018300000000000041,398.6529393302595,0.7810068479078246,0.00021024689538967807,-0.9781174289349528
0.0018400000000000042,398.66015796828765,0.7810572864823693,0.00021023712502757857,-0.983462332918204
0.0018500000000000042,398.66740768315526,0.7811079446114546,0.00021022731322398224,-0.9888072369014548
0.0018600000000000042,398.6747000474338,0.7811589031963443,0.00021021744432601658,-0.9941521408847059
0.0018700000000000043,398.68203544906254,0.7812101649912725,0.00021020751781967683,-0.9994970448679572
0.0018800000000000043,398.68941387543634,0.7812617299517836,0.0002101975337331756,-1.0048419488512084
0.0018900000000000043,398.6968234076934,0.7813135148194593,0.00021018750820409748,-1.0101868528344595
0.0019000000000000043,398.70427561837016,0.7813656005117783,0.00021017742558384738,-1.0155317568177105
0.0019100000000000044,398.7117708979807,0.781417989802509,0.00021016728535530976,-1.0208766608009616
0.0019200000000000044,398.7193092357808,0.7814706826611698,0.0002101570875444232,-1.0262215647842128
0.0019300000000000044,398.72687870916155,0.7815235957876713,0.00021014684828984744,-1.0315664687674637
0.0019400000000000044,398.73449089065286,0.7815768101162526,0.00021013655194731227,-1.0369113727507149
0.0019500000000000045,398.7421461733648,0.7816303284403529,0.00021012619799657672,-1.0422562767339658
0.0019600000000000043,398.74984454839284,0.7816841507433794,0.00021011578646132128,-1.0476011807172168
0.0019700000000000043,398.75757408937255,0.7817381936830357,0.00021010533348123209,-1.0529460847004681
0.0019800000000000043,398.76534636883287,0.7817925382108242,0.00021009482341641128,-1.0582909886837193
0.0019900000000000044,398.77316178249924,0.7818471871399895,0.00021008425574347786,-1.0636358926669705
0.0020000000000000044,398.78102032331236,0.7819021404677933,0.00021007363048386986,-1.0689807966502214
0.0020100000000000044,398.78891006107517,0.7819573148090618,0.00021006296377825147,-1.0743257006334723
0.0020200000000000044,398.796842568384,0.782012791133187,0.00021005223999114446,-1.0796706046167237
0.0020300000000000045,398.80481824359816,0.7820685722733509,0.00021004145859601306,-1.0850155085999749
0.0020400000000000045,398.8128370814754,0.7821246582405715,0.00021003061961206903,-1.0903604125832258
0.0020500000000000045,398.8208871479804,0.7821809656062653,0.00021001973918090562,-1.095705316566477
0.0020600000000000045,398.82898001579514,0.7822375753582432,0.00021000880167151178,-1.1010502205497281
0.0020700000000000046,398.8371160858987,0.7822944903496943,0.00020999780655418243,-1.1063951245329793
0.0020800000000000046,398.84529535487457,0.7823517106053651,0.0002099867538459188,-1.1117400285162304
0.0020900000000000046,398.8535058848214,0.7824091526526875,0.00020997565968919454,-1.1170849324994814
0.0021000000000000046,398.86175924852085,0.7824668974984118,0.00020996450845751327,-1.1224298364827325
0.0021100000000000047,398.87005584960804,0.782524948015903,0.00020995329961798597,-1.1277747404659837
0.0021200000000000047,398.8783956864739,0.7825833042435576,0.0002099420331854191,-1.1331196444492349
0.0021300000000000047,398.88676681730567,0.7826418826642102,0.00020993072530311823,-1.1384645484324856
0.0021400000000000047,398.89518081503473,0.782700764304143,0.00020991936034914896,-1.143809452415737
0.0021500000000000048,398.90363808596794,0.7827599520570272,0.00020990793778742362,-1.149154356398988
0.002160000000000005,398.9121386302748,0.7828194459748087,0.00020989645763056997,-1.1544992603822393
0.002170000000000005,398.92067050221357,0.7828791624951669,0.00020988493602267663,-1.1598441643654904
0.002180000000000005,398.9292452748852,0.7829391826644497,0.00020987335734641877,-1.1651890683487411
0.002190000000000005,398.9378633572682,0.7829995093967331,0.0002098617210624954,-1.1705339723319925
0.002200000000000005,398.94652475133483,0.7830601427575182,0.0002098500271813714,-1.1758788763152437
0.002210000000000005,398.9552175073719,0.7831209991387196,0.00020983829184786977,-1.1812237802984948
0.002220000000000005,398.96395319866787,0.7831821596072817,0.00020982649944932275,-1.186568684281746
0.002230000000000005,398.97273223690246,0.7832436270978448,0.00020981464944320135,-1.191913588264997
0.002240000000000005,398.9815546258233,0.7833054016893679,0.0002098027418378233,-1.197258492248248
0.002250000000000005,398.99040841171586,0.783367399727416,0.0002097907927786976,-1.2026033962314993
0.002260000000000005,398.9993051680984,0.7834297023001094,0.00020977878665786085,-1.2079483002147502
0.002270000000000005,399.00824530936166,0.7834923123627723,0.00020976672292954135,-1.2132932041980014
0.002280000000000005,399.01722884101446,0.7835552300077525,0.00020975460159992578,-1.2186381081812525
0.002290000000000005,399.0262438053122,0.7836183715336804,0.00020974243881516016,-1.2239830121645037
0.002300000000000005,399.0353017760286,0.7836818180504005,0.00020973021897203306,-1.2293279161477546
0.002310000000000005,399.0444031702793,0.7837455725340502,0.00020971794152151548,-1.234672820131006
0.0023200000000000052,399.0535479953311,0.7838096350903166,0.00020970560646767873,-1.240017724114257
0.0023300000000000052,399.06272428937734,0.7838739219703057,0.00020969322995725742,-1.245362628097508
0.0023400000000000053,399.0719436264669,0.7839385143061209,0.00020968079639183942,-1.2507075320807592
0.0023500000000000053,399.08120642646355,0.784003415094861,0.00020966830521912375,-1.2560524360640104
0.0023600000000000053,399.0905126983772,0.7840686244554835,0.00020965575644108227,-1.2613973400472613
0.0023700000000000053,399.0998504763006,0.784134058590961,0.00020964316620498947,-1.2667422440305125
0.0023800000000000054,399.109231334606,0.7841997986562524,0.00020963051891727995,-1.2720871480137634
0.0023900000000000054,399.1186556958957,0.7842658476695009,0.00020961781402236614,-1.2774320519970148
0.0024000000000000054,399.12812357093804,0.7843322057629227,0.00020960505152013638,-1.282776955980266
0.0024100000000000055,399.137622989689,0.7843987890907557,0.00020959224755835626,-1.288121859963517
0.0024200000000000055,399.14716552685707,0.7844656788313374,0.00020957938654835465,-1.293466763946768
0.0024300000000000055,399.15675160783195,0.7845328780240572,0.00020956646793124267,-1.2988116679300195
0.0024400000000000055,399.16638124508256,0.7846003868142344,0.00020955349170484106,-1.3041565719132704
0.0024500000000000056,399.1760424644127,0.784668121306809,0.0002095404740173578,-1.3095014758965213
0.0024600000000000056,399.185746840913,0.7847361627040887,0.00020952739928506352,-1.3148463798797725
0.0024700000000000056,399.1954948027489,0.7848045140667896,0.00020951426694575337,-1.3201912838630239
0.0024800000000000056,399.20528636410666,0.7848731755533277,0.00020950107699519628,-1.325536187846275
0.0024900000000000057,399.21510954660016,0.7849420632187355,0.0002094878455819941,-1.330881091829526
0.0025000000000000057,399.22497592571074,0.7850112582898097,0.00020947455712740654,-1.336225995812777
0.0025100000000000057,399.23488593241785,0.7850807638487736,0.00020946121106589822,-1.341570899796028
0.0025200000000000057,399.24483958261794,0.7851505800670857,0.00020944780739120208,-1.346915803779279
0.0025300000000000058,399.25482489368017,0.7852206229492278,0.00020943436225226515,-1.3522607077625302
0.002540000000000006,399.26485344152445,0.7852909737470813,0.00020942086007538375,-1.3576056117457813
0.002550000000000006,399.2749256599505,0.7853616355644961,0.00020940730029167715,-1.3629505157290323
0.002560000000000006,399.2850415665363,0.7854326085858768,0.00020939368289285836,-1.3682954197122836
0.002570000000000006,399.29518917441135,0.785503808764627,0.00020938002402817081,-1.3736403236955346
0.002580000000000006,399.305380059949,0.7855753173782448,0.000209366308128995,-1.3789852276787857
0.002590000000000006,399.3156146597787,0.7856471375523336,0.00020935253462309018,-1.3843301316620367
0.002600000000000006,399.32589299316334,0.7857192694842092,0.00020933870350016518,-1.389675035645288
0.002610000000000006,399.33620306894596,0.7857916290755679,0.00020932483090971128,-1.3950199396285392
0.002620000000000006,399.34655646397937,0.7858642976300801,0.00020931090128824045,-1.4003648436117901
0.002630000000000006,399.3569536177498,0.7859372782952623,0.00020929691406013735,-1.4057097475950413
0.002640000000000006,399.36739455119306,0.786010571281281,0.00020928286921312252,-1.4110546515782925
0.002650000000000006,399.37786726882473,0.7860840924375018,0.00020926878289688643,-1.4163995555615436
0.002660000000000006,399.3883833480177,0.7861579230943541,0.00020925463955312002,-1.4217444595447948
0.002670000000000006,399.3989432311239,0.7862320664213929,0.00020924043860281864,-1.4270893635280457
0.002680000000000006,399.4095469407396,0.7863065226415722,0.00020922618003173043,-1.4324342675112969
0.002690000000000006,399.420182477028,0.7863812075513362,0.00020921187998969637,-1.437779171494548
0.002700000000000006,399.43086141791065,0.7864562025084362,0.00020919752292363375,-1.4431240754777992
0.0027100000000000062,399.44158420861316,0.7865315107045907,0.00020918310825113407,-1.4484689794610504
0.0027200000000000063,399.45235087271834,0.7866071323707827,0.00020916863595689088,-1.4538138834443017
0.0027300000000000063,399.463161326227,0.7866830669825507,0.00020915410617027835,-1.4591587874275525
0.0027400000000000063,399.47400362446956,0.7867592306953782,0.00020913953495968983,-1.4645036914108036
0.0027500000000000063,399.48488951327863,0.7868357060765664,0.00020912490655395754,-1.4698485953940548
0.0027600000000000064,399.4958193144169,0.7869124954530432,0.00020911022053721383,-1.475193499377306
0.0027700000000000064,399.506792953896,0.7869895983714694,0.00020909547702562445,-1.4805384033605566
0.0027800000000000064,399.51779848078644,0.7870669309203364,0.00020908069209009806,-1.4858833073438078
0.0027900000000000065,399.5288476436011,0.7871445757104387,0.00020906584996210147,-1.491228211327059
0.0028000000000000065,399.5399407663697,0.7872225350862982,0.0002090509502231606,-1.49657311531031
0.0028100000000000065,399.5510777773396,0.7873008086113583,0.00020903599298662082,-1.5019180192935615
0.0028200000000000065,399.5622467190954,0.7873793123050462,0.00020902099432614104,-1.5072629232768122
0.0028300000000000066,399.5734593428724,0.7874581288222345,0.00020900593847587954,-1.5126078272600634
0.0028400000000000066,399.58471597495264,0.7875372605251069,0.00020899082501474154,-1.5179527312433145
0.0028500000000000066,399.5960165458392,0.7876167069938911,0.00020897565405326776,-1.523297635226566
0.0028600000000000066,399.6073490915901,0.787696384178309,0.0002089604416678188,-1.5286425392098169
0.0028700000000000067,399.61872536617295,0.7877763747778682,0.00020894517209529178,-1.5339874431930678
0.0028800000000000067,399.6301456981613,0.7878566811725916,0.00020892984491195662,-1.539332347176319
0.0028900000000000067,399.64161002030755,0.7879373029594398,0.00020891446022556527,-1.5446772511595703
0.0029000000000000067,399.6531063620843,0.7880181560177506,0.0002088990341151313,-1.5500221551428215
0.0029100000000000068,399.6646464802438,0.788099323092309,0.0002088835508203382,-1.5553670591260722
0.002920000000000007,399.67623070565656,0.7881808065810876,0.0002088680099148058,-1.5607119631093234
0.002930000000000007,399.687858973293,0.788262606097682,0.00020885241150351332,-1.5660568670925747
0.002940000000000007,399.69951930604674,0.7883446374504928,0.00020883677166807853,-1.571401771075826
0.002950000000000007,399.71122346347113,0.7884269834301544,0.00020882107465101875,-1.576746675059077
0.002960000000000007,399.7229717787427,0.7885096464527099,0.00020880532002328918,-1.5820915790423278
0.002970000000000007,399.7347641890547,0.7885926261483612,0.00020878950788711195,-1.5874364830255792
0.002980000000000007,399.7465887106714,0.7886758382539056,0.00020877365432666052,-1.5927813870088303
0.002990000000000007,399.7584571059762,0.7887593656064257,0.0002087577435873335,-1.5981262909920815
0.003000000000000007,399.77036971047784,0.7888432106401895,0.00020874177523740669,-1.6034711949753324
0.003010000000000007,399.78232646358055,0.7889273730019442,0.0002087257493763611,-1.6088160989585834
0.003020000000000007,399.7943153748763,0.7890117683562305,0.00020870968209087723,-1.6141610029418345
0.003030000000000007,399.8063482096226,0.7890964795872095,0.00020869355762928235,-1.6195059069250857
0.003040000000000007,399.8184253056683,0.7891815091474924,0.00020867737555715828,-1.6248508109083368
0.003050000000000007,399.8305466046169,0.7892668567003123,0.0002086611359712608,-1.630195714891588
0.003060000000000007,399.8427001093607,0.7893524378373282,0.00020864485496072861,-1.635540618874839
0.003070000000000007,399.8548975880622,0.7894383354903854,0.00020862851677686534,-1.64088552285809
0.003080000000000007,399.8671393809189,0.7895245521305586,0.00020861212098254397,-1.6462304268413412
0.0030900000000000072,399.87942543172994,0.7896110874375251,0.000208595667671811,-1.6515753308245924
0.0031000000000000073,399.89174373664815,0.7896978569294086,0.00020857917293621474,-1.6569202348078436
0.0031100000000000073,399.90410606676943,0.7897849435863422,0.00020856262103008248,-1.6622651387910945
0.0031200000000000073,399.9165127646693,0.7898723498980267,0.0002085460115135638,-1.6676100427743457
0.0031300000000000073,399.9289637763093,0.7899600755604811,0.00020852934447801173,-1.6729549467575968
0.0031400000000000074,399.94144709110066,0.7900480360177157,0.0002085126360173356,-1.678299850740848
0.0031500000000000074,399.9539744830871,0.7901363142987274,0.00020849587038893375,-1.6836447547240991
0.0031600000000000074,399.96654629723355,0.7902249129119714,0.00020847904715021778,-1.68898965870735
0.0031700000000000074,399.97916248168775,0.7903138315698195,0.00020846216638986304,-1.6943345626906012
0.0031800000000000075,399.9918110190236,0.790402985641402,0.00020844524420409125,-1.6996794666738526
0.0031900000000000075,400.00450368629697,0.7904924582052574,0.00020842826485341923,-1.7050243706571035
0.0032000000000000075,400.01724083088567,0.7905822517887463,0.0002084112278925059,-1.7103692746403545
0.0032100000000000076,400.0300224030855,0.7906723661204842,0.00020839413340736495,-1.7157141786236056
0.0032200000000000076,400.04283637863057,0.7907627164941368,0.00020837699749648165,-1.721059082606857
0.0032300000000000076,400.0556945376143,0.7908533860383856,0.00020835980442353885,-1.726403986590108
0.0032400000000000076,400.0685972298193,0.790944377299588,0.00020834255374042814,-1.7317488905733591
0.0032500000000000077,400.08154440770505,0.7910356900225987,0.00020832524553051737,-1.73709379455661
0.0032600000000000077,400.09452404013456,0.7911272394249759,0.0002083078958945068,-1.7424386985398612
0.0032700000000000077,400.1075479102458,0.7912191086861109,0.00020829048909929261,-1.7477836025231124
0.0032800000000000077,400.1206163702627,0.7913113003715373,0.00020827302469398452,-1.7531285065063633
0.0032900000000000078,400.1337293747895,0.7914038142422781,0.00020825550275932036,-1.7584734104896143
0.003300000000000008,400.1468748857588,0.7914965654390825,0.00020823793939816668,-1.7638183144728656
0.003310000000000008,400.1600646894285,0.7915896371927552,0.00020822031888068058,-1.7691632184561168
0.003320000000000008,400.17329914046536,0.7916830320881181,0.0002082026407531751,-1.7745081224393677
0.003330000000000008,400.1865781956012,0.7917767499022949,0.0002081849050937739,-1.779853026422619
0.003340000000000008,400.19988980982174,0.7918707056986065,0.00020816712800746125,-1.7851979304058703
0.003350000000000008,400.2132457725118,0.7919649827598417,0.0002081492937677026,-1.7905428343891212
0.003360000000000008,400.22664644080106,0.7920595836902594,0.00020813140191799969,-1.7958877383723724
0.003370000000000008,400.24009177354804,0.7921545082830487,0.00020811345253387794,-1.8012326423556233
0.003380000000000008,400.25356971875146,0.7922496715234352,0.00020809546172239054,-1.8065775463388745
0.003390000000000008,400.26709206895595,0.7923451567468149,0.0002080774137603588,-1.8119224503221258
0.003400000000000008,400.2806591837736,0.7924409665770324,0.00020805930818845844,-1.8172673543053768
0.003410000000000008,400.2942710241756,0.7925371008232818,0.0002080411450796325,-1.8226122582886277
0.003420000000000008,400.3079155311342,0.7926334743920236,0.00020802294054295456,-1.8279571622718789
0.003430000000000008,400.321604500397,0.7927301706719073,0.00020800467885864917,-1.8333020662551303
0.003440000000000008,400.3353382940714,0.7928271923065001,0.00020798635956455132,-1.8386469702383814
0.003450000000000008,400.34911687522504,0.7929245391209352,0.00020796798273103764,-1.8439918742216324
0.003460000000000008,400.3629281777742,0.7930221259422581,0.00020794956446915333,-1.8493367782048833
0.0034700000000000082,400.3767840006973,0.7931200362129881,0.00020793108906257365,-1.8546816821881347
0.0034800000000000083,400.3906847086091,0.7932182725965502,0.00020791255604627831,-1.8600265861713858
0.0034900000000000083,400.40463026667805,0.793316834933993,0.00020789396548809335,-1.865371490154637
0.0035000000000000083,400.418608601725,0.793415637972274,0.0002078753335009869,-1.870716394137888
0.0035100000000000083,400.43263151598114,0.7935147652083907,0.00020785664437213234,-1.8760612981211389
0.0035200000000000084,400.44669937659376,0.7936142193257865,0.00020783789763363948,-1.88140620210439
0.0035300000000000084,400.46081215081625,0.7937140001813638,0.00020781909335079962,-1.886751106087641
0.0035400000000000084,400.47495775833386,0.7938140224413145,0.0002078002476384552,-1.8920960100708921
0.0035500000000000084,400.48914800467986,0.7939143696577762,0.00020778134478732516,-1.8974409140541433
0.0035600000000000085,400.50338325953845,0.7940150445343345,0.00020776238432663476,-1.9027858180373944
0.0035700000000000085,400.5176634922496,0.7941160469437164,0.0002077433663191564,-1.9081307220206456
0.0035800000000000085,400.5319766153143,0.7942172914706515,0.00020772430688155823,-1.9134756260038965
0.0035900000000000085,400.5463344376019,0.7943188617230538,0.00020770519030815216,-1.918820529987148
0.0036000000000000086,400.56073733135884,0.7944207604248147,0.00020768601612526419,-1.9241654339703986
0.0036100000000000086,400.57518526797764,0.794522987464387,0.0002076667843931638,-1.92951033795365
0.0036200000000000086,400.5896661527607,0.7946254573444084,0.000207647511230296,-1.9348552419369014
0.0036300000000000087,400.6041917979579,0.794728253729226,0.00020762818093461333,-1.940200145920152
0.0036400000000000087,400.61876257836605,0.7948313793631284,0.00020760879302952778,-1.9455450499034033
0.0036500000000000087,400.6333784674417,0.7949348341502873,0.0002075893475728217,-1.9508899538866546
0.0036600000000000087,400.6480273632501,0.7950385325105661,0.00020756986068466845,-1.9562348578699056
0.0036700000000000088,400.6627210814168,0.7951425581653068,0.0002075503166667086,-1.9615797618531567
0.003680000000000009,400.677459999352,0.7952469138794371,0.00020753071503942544,-1.966924665836408
0.003690000000000009,400.6922440925551,0.7953515995727743,0.00020751105585813012,-1.9722695698196588
0.003700000000000009,400.7070612518089,0.7954565295817113,0.00020749135524467563,-1.9776144738029104
0.003710000000000009,400.7219232961647,0.7955617876852576,0.000207471597504438,-1.9829593777861612
0.003720000000000009,400.73683060564537,0.7956673766690953,0.0002074517821549572,-1.9883042817694123
0.003730000000000009,400.75178315778214,0.7957732964686346,0.00020743190924908903,-1.9936491857526635
0.003740000000000009,400.7667688360439,0.7958794613361269,0.00020741199491031753,-1.9989940897359144
0.003750000000000009,400.78179946295035,0.795985955108909,0.00020739202344780152,-2.004338993719166
0.003760000000000009,400.79687542113845,0.7960927805935366,0.00020737199437612309,-2.0096838977024167
0.003770000000000009,400.81199669017093,0.796199937740985,0.00020735190774569853,-2.0150288016856677
0.003780000000000009,400.8271511461617,0.7963073407186689,0.0002073317796815942,-2.020373705668919
0.003790000000000009,400.8423506151234,0.7964150734228784,0.00020731159449679924,-2.02571860965217
0.003800000000000009,400.8575954823428,0.7965231386812339,0.00020729135170292312,-2.031063513635421
0.003810000000000009,400.8728857293994,0.7966315364602149,0.0002072710513479586,-2.0364084176186723
0.003820000000000009,400.88820922500673,0.7967401808416966,0.00020725070955850564,-2.0417533216019232
0.003830000000000009,400.9035777987138,0.7968491557815878,0.0002072303106514311,-2.0470982255851746
0.003840000000000009,400.9189918384638,0.7969584641287049,0.0002072098541353573,-2.0524431295684256
0.0038500000000000092,400.93445132784103,0.7970681058649798,0.00020718934005586924,-2.0577880335516765
0.0038600000000000093,400.9499441281354,0.7971779949860853,0.0002071687845410518,-2.0631329375349283
0.0038700000000000093,400.96548207246184,0.7972882155081881,0.00020714817191169713,-2.068477841518179
0.0038800000000000093,400.9810655514282,0.7973987703014385,0.00020712750167342563,-2.07382274550143
0.0038900000000000093,400.9966945506232,0.7975096593631911,0.00020710677386943043,-2.0791676494846807
0.0039000000000000094,401.0123569238713,0.7976207966022129,0.00020708600462923275,-2.084512553467932
0.003910000000000009,401.02806450787665,0.7977322660955594,0.00020706517827759734,-2.089857457451183
0.0039200000000000085,401.043817695949,0.7978440707349088,0.0002070442943171281,-2.0952023614344335
0.003930000000000008,401.05961647565834,0.797956210532966,0.00020702335278864216,-2.100547265417685
0.003940000000000008,401.0754486933359,0.7980685993109133,0.0002070023698230484,-2.105892169400936
0.003950000000000007,401.0913261893049,0.7981813212073404,0.0002069813297491317,-2.1112370733841863
0.003960000000000007,401.1072493595868,0.7982943791355954,0.00020696023206646472,-2.1165819773674377
0.0039700000000000065,401.12321819373597,0.7984077731237113,0.00020693907681350443,-2.1219268813506886
0.003980000000000006,401.13922053052613,0.7985214169045342,0.0002069178801224987,-2.1272717853339396
0.003990000000000006,401.1552682139565,0.7986353946788876,0.00020689662632630013,-2.1326166893171905
0.004000000000000005,401.17136164279077,0.7987497093819743,0.00020687531492143537,-2.137961593300441
0.004010000000000005,401.18750080852783,0.7988643610570474,0.0002068539459440172,-2.143306497283692
0.0040200000000000045,401.20367354236726,0.798979263347958,0.00020683253552758379,-2.148651401266943
0.004030000000000004,401.2198916920183,0.7990945005184201,0.00020681106800910274,-2.153996305250194
0.004040000000000004,401.23615565896114,0.7992100755255643,0.00020678954288204016,-2.1593412092334443
0.004050000000000003,401.25246543668004,0.7993259884279188,0.00020676796018018046,-2.1646861132166952
0.004060000000000003,401.26880884875425,0.7994421527796162,0.00020674633603830358,-2.170031017199946
0.0040700000000000024,401.28519774661737,0.7995586529078823,0.00020672465479753947,-2.175375921183197
0.004080000000000002,401.3016325345114,0.7996754917919908,0.00020670291594827907,-2.180720825166448
0.004090000000000002,401.3181132078765,0.7997926695056591,0.00020668111952199433,-2.1860657291496985
0.004100000000000001,401.3346275826255,0.7999100995125776,0.0002066592816546581,-2.19141063313295
0.004110000000000001,401.35118751396806,0.8000278662041812,0.00020663738669161034,-2.196755537116201
0.00412,401.36779340892497,0.8001459725820457,0.00020661543412015213,-2.202100441099452
0.00413,401.38444526486944,0.8002644187350069,0.00020659342396945875,-2.2074453450827027
0.00414,401.40113089002017,0.8003831180356211,0.00020657137237664743,-2.2127902490659532
0.004149999999999999,401.41786214339334,0.8005021549401902,0.00020654926369131544,-2.2181351530492037
0.004159999999999999,401.43463943479514,0.8006215324727326,0.00020652709739765932,-2.223480057032455
0.004169999999999998,401.4514627635437,0.800741250737199,0.00020650487352257376,-2.228824961015706
0.004179999999999998,401.46831993012,0.8008612230142886,0.0002064826082042715,-2.234169864998957
0.0041899999999999975,401.48522279737045,0.8009815338258143,0.00020646028579665468,-2.2395147689822075
0.004199999999999997,401.5021717779162,0.8011021862184247,0.00020643790578080067,-2.2448596729654584
0.004209999999999997,401.51916687299956,0.8012231803111188,0.0002064154681813393,-2.2502045769487093
0.004219999999999996,401.53619587532023,0.8013444292920106,0.0002063929891375303,-2.25554948093196
0.004229999999999996,401.5532706516103,0.8014660177491347,0.00020637045300762806,-2.2608943849152117
0.0042399999999999955,401.5703916173133,0.8015879487519153,0.00020634785926957618,-2.266239288898462
0.004249999999999995,401.58755877558167,0.8017102224343456,0.00020632520794575544,-2.271584192881713
0.004259999999999995,401.6047599113068,0.801832751891257,0.00020630251517642382,-2.276929096864964
0.004269999999999994,401.6220068951235,0.8019556217775435,0.0002062797653242356,-2.2822740008482145
0.004279999999999994,401.639300145319,0.8020788351855762,0.00020625695786398579,-2.287618904831466
0.0042899999999999935,401.65663966695985,0.8022023922643269,0.000206234092815822,-2.2929638088147164
0.004299999999999993,401.67401323708054,0.8023262060145993,0.00020621118632095203,-2.298308712797968
0.004309999999999993,401.69143273025594,0.8024503611588285,0.00020618822274647724,-2.3036536167812183
0.004319999999999992,401.70889856763745,0.8025748608125035,0.00020616520156402945,-2.3089985207644688
0.004329999999999992,401.72641075618867,0.8026997051395165,0.00020614212279153912,-2.31434342474772
0.0043399999999999914,401.7439570650474,0.8028248070459153,0.00020611900257111498,-2.3196883287309706
0.004349999999999991,401.76154937277346,0.8029502513223724,0.00020609582527435303,-2.3250332327142216
0.004359999999999991,401.77918810338616,0.8030760411076353,0.00020607259036970726,-2.330378136697473
0.00436999999999999,401.7968732657632,0.8032021765805257,0.00020604929787290677,-2.3357230406807235
0.00437999999999999,401.8145926210802,0.8033285705515526,0.00020602596392691263,-2.3410679446639744
0.004389999999999989,401.83235805192203,0.8034553078803167,0.00020600257290786297,-2.3464128486472253
0.004399999999999989,401.85016998521144,0.8035823917290281,0.00020597912428101922,-2.3517577526304763
0.004409999999999989,401.86802843168084,0.8037098222912961,0.000205955618059925,-2.357102656613727
0.004419999999999988,401.8859211445495,0.8038375122814466,0.0002059320703883451,-2.3624475605969777
0.004429999999999988,401.9038600104622,0.8039655466286906,0.00020590846564700707,-2.367792464580229
0.004439999999999987,401.9218454592458,0.8040939285188367,0.00020588480329796532,-2.3731373685634796
0.004449999999999987,401.93987750350357,0.8042226581602899,0.00020586108335259382,-2.3784822725467305
0.0044599999999999865,401.95794388845417,0.8043516481704481,0.0002058373219554123,-2.383827176529981
0.004469999999999986,401.9760565048021,0.8044809835487468,0.00020581350349178535,-2.389172080513232
0.004479999999999986,401.9942157853172,0.8046106675048059,0.00020578962742054554,-2.3945169844964833
0.004489999999999985,402.01242174447145,0.8047407002617989,0.00020576569375091317,-2.399861888479734
0.004499999999999985,402.0306621194178,0.8048709943394038,0.00020574171862811424,-2.405206792462985
0.0045099999999999845,402.04894880498705,0.8050016348080311,0.00020571768644219777,-2.410551696446236
0.004519999999999984,402.0672822368993,0.8051326249012642,0.00020569359664875992,-2.4158966004294866
0.004529999999999984,402.0856624314724,0.8052639648569762,0.00020566944925488312,-2.421241504412738
0.004539999999999983,402.10407711777566,0.8053955670964249,0.00020564526040645095,-2.4265864083959885
0.004549999999999983,402.1225381948015,0.8055275167616881,0.0002056210144982444,-2.4319313123792394
0.0045599999999999825,402.14104610121916,0.8056598171104457,0.00020559671098260845,-2.43727621636249
0.004569999999999982,402.15960085519833,0.8057924683952616,0.00020557234986450358,-2.442621120345741
0.004579999999999982,402.17819017767374,0.805925382938204,0.00020554794729042234,-2.447966024328992
0.004589999999999981,402.196825971821,0.806058645953682,0.00020552348765992513,-2.4533109283122427
0.004599999999999981,402.21550867931245,0.8061922607237221,0.00020549897042209108,-2.4586558322954937
0.00460999999999998,402.23423832014674,0.8063262275155084,0.00020547439557977454,-2.4640007362787446
0.00461999999999998,402.25300260708104,0.8064604585511644,0.0002054497792800284,-2.469345640261995
0.00462999999999998,402.27181344751443,0.8065950391181366,0.00020542510592723995,-2.4746905442452465
0.004639999999999979,402.2906712861265,0.8067299725229446,0.0002054003749672078,-2.4800354482284974
0.004649999999999979,402.3095761447399,0.8068652590473634,0.00020537558640069603,-2.4853803522117484
0.004659999999999978,402.32851572790037,0.8070008108128294,0.00020535075637526925,-2.4907252561949993
0.004669999999999978,402.34750194727,0.8071367131805334,0.00020532586930018898,-2.49607016017825
0.004679999999999978,402.36653525054624,0.8072729694816507,0.00020530092461795864,-2.5014150641615007
0.004689999999999977,402.3856156613712,0.8074095800125163,0.00020527592232726804,-2.506759968144751
0.004699999999999977,402.40473087603243,0.8075464567931093,0.00020525087857614483,-2.5121048721280026
0.004709999999999976,402.4238928104908,0.807683685259068,0.00020522577777877212,-2.517449776111253
0.004719999999999976,402.44310191548755,0.8078212687664167,0.00020520061937434364,-2.522794680094504
0.0047299999999999755,402.462358216463,0.8079592076259867,0.00020517540335949068,-2.5281395840777554
0.004739999999999975,402.48164940143204,0.8080974137555919,0.00020515014588265518,-2.533484488061006
0.004749999999999975,402.5009873906635,0.808235972665968,0.00020512483136298943,-2.538829392044257
0.004759999999999974,402.52037263796643,0.8083748877381819,0.00020509945923636276,-2.544174296027508
0.004769999999999974,402.5398051705888,0.8085141592975579,0.00020507402949736386,-2.5495192000107587
0.0047799999999999735,402.5592726681793,0.8086536991588745,0.00020504855829480028,-2.5548641039940096
0.004789999999999973,402.57878705539616,0.8087935929087655,0.00020502303005284092,-2.56020900797726
0.004799999999999973,402.5983487891389,0.8089338439535276,0.00020499744420401602,-2.565553911960511
0.004809999999999972,402.61795789843427,0.8090744526329016,0.00020497180074088758,-2.570898815943762
0.004819999999999972,402.6376020545531,0.8092153306579216,0.0002049461158125801,-2.576243719927013
0.0048299999999999715,402.6572931865668,0.8093565636918036,0.00020492037384832655,-2.581588623910264
0.004839999999999971,402.67703175445143,0.8094981551661944,0.00020489457427730343,-2.586933527893515
0.004849999999999971,402.6968177890255,0.8096401054352563,0.00020486871709006187,-2.5922784318767658
0.00485999999999997,402.71663895314435,0.8097823261055138,0.0002048428184359947,-2.5976233358600163
0.00486999999999997,402.7365071803125,0.8099249029174473,0.00020481686274944637,-2.602968239843267
0.004879999999999969,402.7564229336254,0.8100678393282846,0.000204790849456225,-2.608313143826518
0.004889999999999969,402.7763862456757,0.8102111357065568,0.00020476477854488673,-2.613658047809769
0.004899999999999969,402.79638477084563,0.8103547035534695,0.000204738666165044,-2.61900295179302
0.004909999999999968,402.8164304471334,0.8104986286875326,0.00020471249675620032,-2.624347855776271
0.004919999999999968,402.836523740774,0.8106429145917454,0.00020468626974078067,-2.6296927597595223
0.004929999999999967,402.8566646861038,0.8107875616489251,0.00020465998510536205,-2.635037663742773
0.004939999999999967,402.8768409290065,0.8109324812542122,0.000204633658999728,-2.6403825677260233
0.004949999999999967,402.8970644120004,0.8110777593048472,0.00020460727586858838,-2.6457274717092747
0.004959999999999966,402.91733560446136,0.8112233993097512,0.00020458083513097042,-2.651072375692525
0.004969999999999966,402.93765454240895,0.8113694016654118,0.00020455433677160788,-2.656417279675776
0.004979999999999965,402.9580211501368,0.8115157659656218,0.00020452778092104823,-2.6617621836590266
0.004989999999999965,402.9784231262089,0.811662403927283,0.00020450118364649065,-2.667107087642278
0.0049999999999999645,402.99887259032573,0.8118094027798928,0.00020447452917566768,-2.672451991625529
0.005009999999999964,403.01936988511153,0.8119567651255153,0.00020444781709380518,-2.6777968956087794
0.005019999999999964,403.039914945147,0.812104490633189,0.0002044210475182618,-2.683141799592031
0.005029999999999963,403.0604954585409,0.8122524908988552,0.00020439423651877304,-2.6884867035752817
0.005039999999999963,403.08112355178883,0.8124008532488175,0.000204367368325686,-2.6938316075585322
0.0050499999999999625,403.1017995699765,0.8125495803057535,0.0002043404425216264,-2.6991765115417836
0.005059999999999962,403.12252345003964,0.8126986717569545,0.00020431345922112566,-2.704521415525034
0.005069999999999962,403.1432828693655,0.8128480390750089,0.00020428643449669012,-2.709866319508285
0.005079999999999961,403.16408996127774,0.8129977696837538,0.00020425935258133843,-2.7152112234915355
0.005089999999999961,403.18494507334833,0.8131478662266637,0.00020423221305508165,-2.720556127474787
0.0050999999999999605,403.2058481448468,0.8132983284092253,0.00020420501602964002,-2.725901031458038
0.00510999999999996,403.2267868424222,0.8134490675799022,0.00020417777758024192,-2.7312459354412884
0.00511999999999996,403.24777330623806,0.8136001712607921,0.000204150481942625,-2.7365908394245393
0.005129999999999959,403.26880788637686,0.8137516421163518,0.00020412312869417105,-2.7419357434077902
0.005139999999999959,403.2898905244528,0.81390347987027,0.0002040957179438049,-2.7472806473910407
0.005149999999999958,403.3110088762749,0.8140555957459372,0.00020406826576942845,-2.7526255513742917
0.005159999999999958,403.3321750889368,0.8142080773646023,0.00020404075640954568,-2.757970455357543
0.005169999999999958,403.35338951505406,0.8143609274118847,0.00020401318943889457,-2.763315359340794
0.005179999999999957,403.3746520985552,0.8145141456296003,0.00020398556496362033,-2.7686602633240445
0.005189999999999957,403.39595048439475,0.814667643115292,0.00020395789906424972,-2.774005167307296
0.005199999999999956,403.41729682662657,0.814821507590131,0.00020393017598210056,-2.779350071290547
0.005209999999999956,403.43869148037925,0.8149757417609956,0.00020390239528925223,-2.7846949752737973
0.005219999999999956,403.4601343919126,0.8151303453878503,0.00020387455708908636,-2.790039879257048
0.005229999999999955,403.48161319528515,0.8152852294415568,0.00020384667746470577,-2.7953847832402987
0.005239999999999955,403.5031400515331,0.8154404817439663,0.0002038187406602896,-2.8007296872235496
0.005249999999999954,403.5247153183441,0.8155961050234484,0.00020379074624524404,-2.8060745912068006
0.005259999999999954,403.54633894429054,0.8157520990580652,0.0002037626943202029,-2.811419495190051
0.0052699999999999535,403.5679985524713,0.8159083746911138,0.00020373460097079655,-2.816764399173303
0.005279999999999953,403.58970631097327,0.8160650198459822,0.00020370645044411279,-2.8221093031565534
0.005289999999999953,403.6114625800625,0.8162220372727095,0.00020367824230687,-2.8274542071398043
0.005299999999999952,403.6332673105919,0.8163794267673784,0.00020364997665697003,-2.8327991111230557
0.005309999999999952,403.655108114673,0.8165370990449065,0.0002036216695825221,-2.838144015106306
0.0053199999999999515,403.6769971674743,0.8166951421310031,0.00020359330533357013,-2.843488919089557
0.005329999999999951,403.6989348318382,0.8168535587975132,0.00020356488347413005,-2.8488338230728076
0.005339999999999951,403.72092106093385,0.8170123488586002,0.00020353640409938772,-2.854178727056058
0.00534999999999995,403.742943455824,0.8171714228999168,0.00020350788329988236,-2.8595236310393095
0.00535999999999995,403.7650141987886,0.8173308690502774,0.00020347930532866164,-2.8648685350225604
0.0053699999999999495,403.78713365528284,0.8174906901035495,0.0002034506697470243,-2.8702134390058114
0.005379999999999949,403.809301780763,0.8176508858919062,0.00020342197664745593,-2.8755583429890623
0.005389999999999949,403.83150616519873,0.8178113668708792,0.00020339324212287734,-2.880903246972313
0.005399999999999948,403.8537589980388,0.8179722212732333,0.00020336445042938727,-2.8862481509555638
0.005409999999999948,403.8760606473636,0.8181334519150267,0.0002033356011255526,-2.8915930549388142
0.005419999999999947,403.8984110709035,0.8182950586464044,0.00020330669430117468,-2.896937958922066
0.005429999999999947,403.92079784749205,0.8184569517919197,0.00020327774605150703,-2.9022828629053166
0.005439999999999947,403.9432331737856,0.8186192196890981,0.00020324874063574704,-2.907627766888567
0.005449999999999946,403.9657174205065,0.8187818651763669,0.000203219677609715,-2.9129726708718184
0.005459999999999946,403.98825054765956,0.8189448881218343,0.0002031905570605439,-2.9183175748550694
0.005469999999999945,404.0108201228943,0.8191081987182011,0.0002031613950857714,-2.9236624788383203
0.005479999999999945,404.03343835010753,0.8192718854085586,0.00020313217594774093,-2.929007382821571
0.005489999999999945,404.0561056026904,0.8194359510539022,0.00020310289919951154,-2.9343522868048217
0.005499999999999944,404.0788218429089,0.8196003955402652,0.0002030735649255637,-2.9396971907880727
0.005509999999999944,404.10157462717353,0.8197651289276077,0.00020304418922567058,-2.945042094771323
0.005519999999999943,404.12437616668615,0.8199302397654556,0.000203014756365369,-2.950386998754574
0.005529999999999943,404.1472268374962,0.8200957309374985,0.00020298526589494225,-2.955731902737825
0.0055399999999999425,404.1701266041547,0.820261602347735,0.00020295571789623407,-2.9610768067210764
0.005549999999999942,404.19306301177903,0.8204277639224887,0.00020292612847120451,-2.966421710704327
0.005559999999999942,404.21604827890053,0.8205943043185155,0.00020289648188863123,-2.9717666146875783
0.005569999999999941,404.23908278428706,0.8207612264424688,0.00020286677769600707,-2.9771115186708292
0.005579999999999941,404.2621664947059,0.8209285302161633,0.00020283701597255502,-2.9824564226540797
0.0055899999999999405,404.28528694395544,0.8210961254314457,0.0002028072128223732,-2.987801326637331
0.00559999999999994,404.30845635796044,0.8212641008531804,0.00020277735251752763,-2.9931462306205816
0.00560999999999994,404.33167511819136,0.8214324594111013,0.00020274743460270607,-2.998491134603832
0.005619999999999939,404.3549431936589,0.821601201044885,0.00020271745915452654,-3.003836038587083
0.005629999999999939,404.3782481067864,0.8217702354109969,0.00020268744227917664,-3.0091809425703335
0.0056399999999999385,404.40160209090993,0.8219396513831964,0.00020265736825205818,-3.0145258465535854
0.005649999999999938,404.4250055302499,0.8221094519145451,0.00020262723661503918,-3.019870750536836
0.005659999999999938,404.44845839605665,0.8222796369625662,0.0002025970474421486,-3.0252156545200863
0.005669999999999937,404.47194819930104,0.8224501160473889,0.00020256681684161477,-3.0305605585033377
0.005679999999999937,404.4954871807983,0.8226209781525614,0.00020253652909222287,-3.035905462486588
0.005689999999999936,404.51907572752646,0.8227922262546409,0.0002025061837330064,-3.0412503664698396
0.005699999999999936,404.54271381294274,0.8229638603289231,0.00020247578083542112,-3.0465952704530905
0.005709999999999936,404.56638893656486,0.823135789758398,0.0002024453365096876,-3.051940174436341
0.005719999999999935,404.59011334671254,0.8233081036372139,0.00020241483503802168,-3.057285078419592
0.005729999999999935,404.6138874331334,0.8234808049656012,0.00020238427595660772,-3.0626299824028433
0.005739999999999934,404.6377111715013,0.82365389373664,0.0002023536593343442,-3.0679748863860943
0.005749999999999934,404.6615720498124,0.8238272791952368,0.00020232300128339518,-3.0733197903693448
0.005759999999999934,404.68548232393226,0.8240010505469889,0.00020229228608945466,-3.0786646943525953
0.005769999999999933,404.70944238641016,0.824175210816019,0.00020226151328584318,-3.084009598335846
0.005779999999999933,404.73345221512596,0.8243497600131633,0.0002022306829389178,-3.089354502319097
0.005789999999999932,404.75749928649594,0.8245246072443152,0.00020219981116273748,-3.094699406302348
0.005799999999999932,404.78159586398925,0.8246998418274067,0.00020216888224652176,-3.1000443102855986
0.0058099999999999315,404.8057423429674,0.8248754668106301,0.00020213789572071274,-3.10538921426885
0.005819999999999931,404.8299387035067,0.8250514822225526,0.00020210685164914202,-3.110734118252101
0.005829999999999931,404.8541724104024,0.8252277970291557,0.00020207576614771454,-3.116079022235352
0.00583999999999993,404.87845573477057,0.8254045006615662,0.00020204462350922303,-3.121423926218603
0.00584999999999993,404.90278907479615,0.8255815961922259,0.00020201342326121649,-3.1267688302018537
0.0058599999999999295,404.92717241275153,0.8257590836674268,0.00020198216546501676,-3.132113734185104
0.005869999999999929,404.9515932017555,0.8259368719123055,0.00020195086623832635,-3.137458638168355
0.005879999999999929,404.9760637206107,0.8261150504720408,0.0002019195098775585,-3.1428035421516056
0.005889999999999928,405.00058437036216,0.8262936224435588,0.00020188809590735435,-3.148148446134857
0.005899999999999928,405.0251551354425,0.8264725878907959,0.00020185662438654208,-3.1534933501181075
0.0059099999999999275,405.0497634572828,0.8266518554971964,0.00020182511143457295,-3.1588382541013584
0.005919999999999927,405.0744216223963,0.8268315149228238,0.00020179354135152808,-3.16418315808461
0.005929999999999927,405.09913003470274,0.827011569289274,0.00020176191365912636,-3.1695280620678603
0.005939999999999926,405.1238886808272,0.827192018678192,0.00020173022841371796,-3.1748729660511112
0.005949999999999926,405.14868499039085,0.8273727716302512,0.00020169850173645427,-3.1802178700343626
0.005959999999999925,405.1735312577006,0.8275539179213516,0.00020166671793113187,-3.185562774017613
0.005969999999999925,405.19842788958033,0.8277354606979838,0.00020163487651653252,-3.190907678000864
0.005979999999999925,405.2233748748058,0.8279174000594091,0.00020160297754654442,-3.1962525819841145
0.005989999999999924,405.24835963117675,0.8280996444026735,0.0002015710371439703,-3.201597485967366
0.005999999999999924,405.27339446083045,0.8282822836203783,0.0002015390396163698,-3.206942389950617
0.006009999999999923,405.29847977348663,0.8284653208840531,0.0002015069844795728,-3.2122872939338674
0.006019999999999923,405.3236155600943,0.8286487563106203,0.0002014748717850213,-3.2176321979171183
0.006029999999999923,405.3487892265862,0.8288324981525643,0.000201442717657121,-3.2229771019003692
0.006039999999999922,405.3740130829448,0.8290166364200123,0.00020141050640724178,-3.22832200588362
0.006049999999999922,405.3992875418303,0.8292011743097896,0.00020137823754824715,-3.2336669098668707
0.006059999999999921,405.42461259634655,0.8293861119564369,0.00020134591112914876,-3.2390118138501216
0.006069999999999921,405.4499756404795,0.8295713574668714,0.00020131354327590647,-3.2443567178333725
0.0060799999999999205,405.4753889921541,0.8297570009697433,0.00020128111830374794,-3.2497016218166235
0.00608999999999992,405.5008530669735,0.8299430456873433,0.0002012486357225556,-3.2550465257998744
0.00609999999999992,405.52636786018036,0.8301294917717955,0.00020121609557892674,-3.260391429783126
0.006109999999999919,405.55192075378517,0.8303162471835425,0.00020118351400032666,-3.2657363337663763
0.006119999999999919,405.5775240736702,0.830503402170591,0.00020115087530588827,-3.2710812377496272
0.0061299999999999185,405.60317823840785,0.8306909599809179,0.00020111817900249823,-3.276426141732878
0.006139999999999918,405.6288832453819,0.8308789207842326,0.0002010854251343553,-3.281771045716129
0.006149999999999918,405.65462646457036,0.831067192393533,0.00020105262983038163,-3.2871159496993796
0.006159999999999917,405.68042022985924,0.8312558651770848,0.00020101977741366275,-3.2924608536826305
0.006169999999999917,405.70626496281477,0.8314449424087691,0.000200986867388075,-3.297805757665881
0.0061799999999999165,405.7321606629489,0.8316344242758535,0.00020095389979543442,-3.3031506616491324
0.006189999999999916,405.7580946881511,0.831824218442917,0.00020092089076607136,-3.3084955656323833
0.006199999999999916,405.7840793803703,0.8320144153994171,0.0002008878246270714,-3.313840469615634
0.006209999999999915,405.8101151641828,0.8322050184453436,0.00020085470087928588,-3.319185373598885
0.006219999999999915,405.8362020412133,0.832396027785488,0.0002008215195621641,-3.324530277582136
0.006229999999999914,405.86232735721876,0.8325873509350575,0.0002007882968073958,-3.3298751815653866
0.006239999999999914,405.88850346225064,0.8327790785055991,0.00020075501694611421,-3.335220085548638
0.006249999999999914,405.9147307839117,0.8329712138234151,0.00020072167947613094,-3.3405649895318885
0.006259999999999913,405.9410093259488,0.8331637571108413,0.00020068828443454436,-3.3459098935151395
0.006269999999999913,405.96732642193,0.8333566157327269,0.00020065484795435504,-3.35125479749839
0.006279999999999912,405.99369443004235,0.8335498804235985,0.0002006213543707912,-3.3565997014816413
0.006289999999999912,406.020113780947,0.8337435545363094,0.00020058780317861014,-3.3619446054648923
0.006299999999999912,406.04658448049724,0.8339376383107063,0.00020055419441257515,-3.3672895094481428
0.006309999999999911,406.0730938500147,0.8341320389602895,0.00020052054420694894,-3.3726344134313937
0.006319999999999911,406.09965425588996,0.8343268473435292,0.00020048683690110228,-3.3779793174146446
0.00632999999999991,406.12626613184773,0.8345220668400157,0.00020045307198672343,-3.383324221397895
0.00633999999999991,406.15292948585505,0.8347176977071222,0.00020041924949625644,-3.388669125381146
0.0063499999999999095,406.17963162691865,0.8349136470059789,0.00020038538556517755,-3.3940140293643974
0.006359999999999909,406.2063849296805,0.8351100057199301,0.0002003514645370475,-3.3993589333476484
0.006369999999999909,406.2331898309616,0.8353067772555457,0.0002003174859004708,-3.4047038373308993
0.006379999999999908,406.26004634080465,0.8355039618876479,0.00020028344968558827,-3.4100487413141503
0.006389999999999908,406.28694175587566,0.8357014665240594,0.0002002493720290409,-3.415393645297401
0.0063999999999999075,406.3138884591289,0.8358993822739587,0.0002002152372786269,-3.4207385492806517
0.006409999999999907,406.34088689046854,0.8360977125710468,0.00020018104491985233,-3.4260834532639026
0.006419999999999907,406.3679370620309,0.8362964577076323,0.0002001467949805706,-3.431428357247153
0.006429999999999906,406.39502625808535,0.8364955244372267,0.000200112503598539,-3.436773261230404
0.006439999999999906,406.4221668698999,0.8366950039956861,0.00020007815512584041,-3.442118165213655
0.0064499999999999055,406.44935934053973,0.8368948998441802,0.00020004374904486797,-3.447463069196906
0.006459999999999905,406.4766036842126,0.8370952122924624,0.00020000928538120355,-3.4528079731801573
0.006469999999999905,406.503887172728,0.8372958479387058,0.00019997478027367185,-3.458152877163408
0.006479999999999904,406.53122220573533,0.8374968981464288,0.0001999402180786881,-3.4634977811466587
0.006489999999999904,406.5586092294607,0.8376983664044525,0.00019990559827551778,-3.46884268512991
0.006499999999999903,406.58604826017523,0.837900253039958,0.00019987092088748706,-3.4741875891131606
0.006509999999999903,406.6135265571803,0.8381024644947821,0.00019983620205443948,-3.4795324930964115
0.006519999999999903,406.6410565285656,0.8383050922610767,0.00019980142613716998,-3.484877397079662
0.006529999999999902,406.66863862372213,0.8385081398555039,0.0001997665926118017,-3.490222301062913
0.006539999999999902,406.6962728609873,0.8387116076226835,0.0001997317014994211,-3.495567205046164
0.006549999999999901,406.7239464870946,0.8389154018470844,0.00019969676894084182,-3.500912109029415
0.006559999999999901,406.7516719186129,0.8391196141504289,0.00019966177930128598,-3.506257013012666
0.006569999999999901,406.77944960814176,0.8393242480774936,0.00019962673205371978,-3.5116019169959167
0.0065799999999999,406.80727957607115,0.8395293039903122,0.00019959162721700573,-3.516946820979167
0.0065899999999999,406.8351490565029,0.8397346880149433,0.00019955648093287893,-3.522291724962418
0.006599999999999899,406.8630704745444,0.8399404919036609,0.00019952127757103617,-3.5276366289456687
0.006609999999999899,406.8910442860134,0.8401467192295635,0.00019948601660127203,-3.5329815329289205
0.0066199999999998985,406.9190705133422,0.8403533703720809,0.0001994506980402409,-3.538326436912171
0.006629999999999898,406.94713637796286,0.8405603512978647,0.00019941533803055072,-3.5436713408954215
0.006639999999999898,406.97525431356536,0.8407677538906981,0.00019937992094642049,-3.549016244878673
0.006649999999999897,407.0034247791969,0.8409755817522115,0.00019934444625445833,-3.554361148861924
0.006659999999999897,407.03164779933525,0.841183835279242,0.00019930891396912655,-3.5597060528451747
0.0066699999999998965,407.05991058268324,0.8413924202779889,0.00019927334023385723,-3.5650509568284257
0.006679999999999896,407.08822557154804,0.8416014287646872,0.00019923770942743892,-3.570395860811676
0.006689999999999896,407.1165932282543,0.8418108643697867,0.00019920202101327876,-3.575740764794927
0.006699999999999895,407.1450135793013,0.8420207275074876,0.00019916627500366274,-3.5810856687781776
0.006709999999999895,407.173473820618,0.842230923822516,0.00019913048754279848,-3.5864305727614285
0.0067199999999998945,407.20198640317466,0.842441545464529,0.00019909464301409152,-3.59177547674468
0.006729999999999894,407.23055179258563,0.8426525960930128,0.0001990587408777333,-3.5971203807279304
0.006739999999999894,407.2591700173795,0.8428640761395529,0.00019902278114384948,-3.6024652847111813
0.006749999999999893,407.2878282606232,0.8430758910862849,0.00019898677995737447,-3.6078101886944327
0.006759999999999893,407.3165389820274,0.8432881332173295,0.00019895072170637824,-3.6131550926776836
0.006769999999999892,407.3453026505354,0.843500806221483,0.000198914605847822,-3.618499996660934
0.006779999999999892,407.37411929665984,0.843713910547628,0.00019887843238968682,-3.623844900644185
0.006789999999999892,407.40297609057626,0.8439273515143095,0.00019884221747758522,-3.629189804627436
0.006799999999999891,407.4318855007852,0.8441412215411009,0.00019880594550429915,-3.6345347086106865
0.006809999999999891,407.46084799952814,0.8443555243462391,0.00019876961592354484,-3.6398796125939374
0.00681999999999989,407.4898636193569,0.8445702603960253,0.0001987332287411747,-3.645224516577189
0.00682999999999989,407.5189195174888,0.8447853348443284,0.00019869680010343074,-3.6505694205604398
0.00683999999999989,407.54802817123937,0.845000840247119,0.00019866031440785422,-3.6559143245436903
0.006849999999999889,407.5771900562058,0.8452167803523901,0.0001986237711049018,-3.6612592285269407
0.006859999999999889,407.60640520694676,0.8454331556438018,0.0001985871701983131,-3.666604132510192
0.006869999999999888,407.6356607676549,0.8456498711094576,0.00019855052783491098,-3.6719490364934426
0.006879999999999888,407.6649692245328,0.8458670194427717,0.00019851382841704345,-3.677293940476694
0.0068899999999998875,407.69433105655537,0.846084604421737,0.00019847707139189293,-3.682638844459945
0.006899999999999887,407.72374630026394,0.8463026265473303,0.0001984402567611021,-3.6879837484431954
0.006909999999999887,407.7532020867828,0.8465209906408406,0.00019840340067202598,-3.6933286524264464
0.006919999999999886,407.782710911247,0.8467397895341242,0.00019836648753186685,-3.6986735564096977
0.006929999999999886,407.8122732560192,0.846959027035394,0.00019832951678451822,-3.7040184603929487
0.0069399999999998855,407.8418891596416,0.8471787036629898,0.00019829248842954164,-3.709363364376199
0.006949999999999885,407.8715457401069,0.8473987240702913,0.00019825541861477565,-3.7147082683594497
0.006959999999999885,407.9012555015197,0.8476191812285805,0.00019821829175232434,-3.7200531723427006
0.006969999999999884,407.9310189296679,0.8478400789765718,0.00019818110728277752,-3.7253980763259515
0.006979999999999884,407.96083606507415,0.8480614178499336,0.00019814386520363168,-3.7307429803092025
0.0069899999999998835,407.990694012535,0.8482831023330326,0.00019810658166316005,-3.736087884292453
0.006999999999999883,408.02060528520235,0.848505225537653,0.00019806924107841598,-3.7414327882757044
0.007009999999999883,408.05057037229943,0.8487277913332347,0.000198031842886671,-3.7467776922589557
0.007019999999999882,408.08058931631507,0.8489508002727553,0.00019799438708337225,-3.7521225962422062
0.007029999999999882,408.11064920880756,0.8491741566705031,0.0001979568898171792,-3.7574675002254576
0.007039999999999881,408.14076257200446,0.849397953779745,0.0001979193355101418,-3.762812404208708
0.007049999999999881,408.1709298985923,0.8496221955009093,0.0001978817235961986,-3.7681573081919586
0.007059999999999881,408.2011512330365,0.8498468824043146,0.00019784405406876335,-3.7735022121752095
0.00706999999999988,408.23141365358583,0.8500719186330413,0.00019780634307683308,-3.7788471161584605
0.00707999999999988,408.2617296915986,0.8502973975828778,0.00019776857504750174,-3.7841920201417114
0.007089999999999879,408.292099843251,0.8505233231855035,0.00019773074941136033,-3.7895369241249623
0.007099999999999879,408.32252415496805,0.8507496960285541,0.00019769286615980506,-3.794881828108213
0.007109999999999879,408.3529896916294,0.8509764200827883,0.00019765494144212176,-3.800226732091464
0.007119999999999878,408.38350899378855,0.8512035888875833,0.00019761695969049587,-3.8055716360747147
0.007129999999999878,408.41408256111754,0.8514312064060908,0.0001975789203321562,-3.8109165400579657
0.007139999999999877,408.4447104420263,0.8516592732433276,0.00019754082335649733,-3.816261444041217
0.007149999999999877,408.47537968793375,0.8518876931965453,0.00019750268491304515,-3.8216063480244675
0.0071599999999998765,408.506102848647,0.8521165599497681,0.00019746448943912416,-3.8269512520077185
0.007169999999999876,408.53688042737963,0.8523458774979281,0.00019742623635858622,-3.832296155990969
0.007179999999999876,408.56771247445624,0.8525756464632874,0.00019738792565884012,-3.8376410599742203
0.007189999999999875,408.5985860278329,0.8528057704685853,0.0001973495734896033,-3.842985963957471
0.007199999999999875,408.62951364662143,0.8530363433435435,0.00019731116429338658,-3.8483308679407218
0.0072099999999998745,408.66049583758,0.853267369115093,0.00019727269749065035,-3.8536757719239736
0.007219999999999874,408.69153265297155,0.8534988484228042,0.0001972341730668335,-3.8590206759072236
0.007229999999999874,408.7226111172245,0.8537306847137607,0.0001971956071717962,-3.864365579890475
0.007239999999999873,408.75374379876405,0.8539629719643479,0.0001971569842532832,-3.869710483873725
0.007249999999999873,408.78493120794155,0.8541957142338149,0.00019711830372834868,-3.8750553878569765
0.0072599999999998725,408.81617339799897,0.8544289121718726,0.00019707956558167098,-3.880400291840227
0.007269999999999872,408.8474703059402,0.8546625655609124,0.00019704076994218645,-3.885745195823478
0.007279999999999872,408.87880900451387,0.8548965781146025,0.00019700193287873268,-3.891090099806729
0.007289999999999871,408.91020225556485,0.8551310453511888,0.00019696303862055514,-3.89643500378998
0.007299999999999871,408.94165043606915,0.8553659703410389,0.0001969240867513767,-3.9017799077732302
0.00730999999999987,408.97315349394125,0.8556013529502128,0.00019688507738691797,-3.907124811756482
0.00731999999999987,409.00469848631775,0.8558370967000705,0.00019684602659852384,-3.912469715739732
0.00732999999999987,409.03629818687216,0.8560732972768369,0.0001968069186180819,-3.9178146197229835
0.007339999999999869,409.06795297540214,0.8563099577768372,0.00019676775302670637,-3.9231595237062344
0.007349999999999869,409.0996628023483,0.8565470780873401,0.0001967285299372998,-3.928504427689485
0.007359999999999868,409.1314147089353,0.856784561534462,0.0001966892654239498,-3.933849331672736
0.007369999999999868,409.16322148074295,0.8570225039735687,0.00019664994372124286,-3.939194235655987
0.007379999999999868,409.19508350039985,0.8572609085271543,0.00019661056440767015,-3.944539139639238
0.007389999999999867,409.2270007208608,0.8574997751036917,0.00019657112759333218,-3.9498840436224882
0.007399999999999867,409.25896016738756,0.8577390068328643,0.00019653164935501047,-3.9552289476057396
0.007409999999999866,409.2909746375041,0.8579786997403048,0.00019649211393003792,-3.9605738515889897
0.007419999999999866,409.32304451669796,0.8582188569749282,0.00019645252089426805,-3.9659187555722415
0.0074299999999998655,409.3551697604455,0.8584594784664502,0.00019641287035501503,-3.971263659555492
0.007439999999999865,409.3873373779694,0.8587004671468713,0.0001963731783917058,-3.976608563538743
0.007449999999999865,409.4195601788016,0.8589419192132769,0.0001963334292444671,-3.9819534675219943
0.007459999999999864,409.45183855131205,0.8591838378412497,0.00019629362248650003,-3.9872983715052452
0.007469999999999864,409.4841724534851,0.8594262229817425,0.00019625375822234845,-3.9926432754884953
0.0074799999999998635,409.5165488784361,0.8596689773678317,0.0001962138525340359,-3.9979881794717467
0.007489999999999863,409.54898064777757,0.8599121973692683,0.00019617388966453045,-4.003333083454998
0.007499999999999863,409.5814681527672,0.8601558861885117,0.00019613386918436614,-4.008677987438248
0.007509999999999862,409.6140113539253,0.8604000437978349,0.00019609379119533236,-4.014022891421499
0.007519999999999862,409.64659722815816,0.86064457273007,0.0001960536717820007,-4.019367795404749
0.0075299999999998615,409.67923860922775,0.8608895695288473,0.00019601349519022792,-4.024712699388001
0.007539999999999861,409.71193589132446,0.861135037423796,0.00019597326098786638,-4.030057603371252
0.007549999999999861,409.74468903743127,0.8613809764083816,0.0001959329692739669,-4.035402507354503
0.00755999999999986,409.77748500823856,0.8616272888140645,0.00019589263613560028,-4.040747411337754
0.00756999999999986,409.81033664972006,0.8618740713595584,0.00019585224582155955,-4.046092315321005
0.007579999999999859,409.84324435899737,0.8621213273018633,0.00019581179789700078,-4.051437219304255
0.007589999999999859,409.8762081015441,0.8623690566557194,0.00019577129245825197,-4.0567821232875065
0.007599999999999859,409.90921482176236,0.862617161549943,0.00019573074559483462,-4.062127027270757
0.007609999999999858,409.9422773778482,0.8628657388794375,0.00019569014155852536,-4.0674719312540075
0.007619999999999858,409.9753961699072,0.863114791928887,0.00019564947991176928,-4.072816835237259
0.007629999999999857,410.00857116590686,0.8633643207343399,0.0001956087607481876,-4.0781617392205085
0.007639999999999857,410.04178929385864,0.8636142272206249,0.0001955680001597037,-4.083506643203761
0.007649999999999857,410.07506342428667,0.8638646084601467,0.00019552718240112535,-4.088851547187011
0.007659999999999856,410.1083939602878,0.8641154677654947,0.000195486307032172,-4.094196451170263
0.007669999999999856,410.1417808722977,0.864366805194001,0.00019544537414377378,-4.099541355153513
0.007679999999999855,410.17521107189947,0.8646185224652877,0.00019540439983020756,-4.104886259136764
0.007689999999999855,410.2086974420078,0.8648707168304911,0.0001953633683493595,-4.110231163120015
0.0076999999999998545,410.24224038870665,0.8651233916303059,0.0001953222792582088,-4.115576067103266
0.007709999999999854,410.27583988491534,0.8653765469434064,0.00019528113264501054,-4.120920971086516
0.007719999999999854,410.30948282570546,0.8656300842828907,0.00019523994460634607,-4.126265875069767
0.007729999999999853,410.3431821064243,0.8658841010798191,0.00019519869940322777,-4.131610779053018
0.007739999999999853,410.37693813621587,0.8661386007033557,0.0001951573965898797,-4.13695568303627
0.0077499999999998525,410.4107508904571,0.8663935832534916,0.00019511603625189776,-4.142300587019521
0.007759999999999852,410.444607247636,0.8666489500354951,0.0001950746344881193,-4.147645491002771
0.007769999999999852,410.47852011560303,0.8669047986616135,0.00019503317556273013,-4.1529903949860225
0.007779999999999851,410.51248990656484,0.867161132529697,0.00019499165902718473,-4.158335298969273
0.007789999999999851,410.5465165983574,0.8674179517610864,0.00019495008496443552,-4.163680202952524
0.0077999999999998505,410.5805870528216,0.8676751574519261,0.00019490846947552726,-4.169025106935774
0.00780999999999985,410.6147141903804,0.8679328473969162,0.00019486679682786668,-4.174370010919025
0.00781999999999985,410.6488984263164,0.868191025022837,0.00019482506657012388,-4.179714914902276
0.00782999999999985,410.68313974092354,0.8684496904724057,0.00019478327878262385,-4.185059818885527
0.007839999999999849,410.7174249793196,0.8687087446313144,0.00019474144956857,-4.190404722868778
0.007849999999999848,410.7517670745628,0.868968285477977,0.0001946995631986374,-4.195749626852029
0.007859999999999848,410.78616644504484,0.8692283164683899,0.0001946576192186972,-4.201094530835279
0.007869999999999848,410.82062307349497,0.8694888377666308,0.00019461561770646278,-4.20643943481853
0.007879999999999847,410.8551237882742,0.8697497500466905,0.00019457357476724755,-4.211784338801782
0.007889999999999847,410.8896815351025,0.870011151471891,0.0001945314746750423,-4.217129242785033
0.007899999999999846,410.92429673551214,0.8702730455277276,0.00019448931697290468,-4.222474146768284
0.007909999999999846,410.95896937468734,0.8705354323997136,0.0001944471017359523,-4.227819050751534
0.007919999999999846,410.9936862640882,0.8707982125486482,0.0001944048450715598,-4.233163954734785
0.007929999999999845,411.0284603622241,0.8710614843241753,0.00019436253125708138,-4.238508858718036
0.007939999999999845,411.06329209379766,0.8713252512415742,0.0001943201598327463,-4.243853762701288
0.007949999999999844,411.09818144641423,0.8715895135077543,0.00019427773087109235,-4.249198666684538
0.007959999999999844,411.1331152146024,0.8718541713690644,0.00019423526048150685,-4.2545435706677885
0.007969999999999844,411.1681063697103,0.8721193233627282,0.0001941927329447546,-4.259888474651039
0.007979999999999843,411.20315533958654,0.8723849730339801,0.00019415014779822201,-4.2652333786342895
0.007989999999999843,411.2382621142836,0.8726511206112145,0.00019410750511188293,-4.270578282617541
0.007999999999999842,411.2734134713325,0.872917666124988,0.0001940648209970886,-4.275923186600792
0.008009999999999842,411.30862239496105,0.8731847083013513,0.000194022079738062,-4.281268090584043
0.008019999999999841,411.343889316223,0.8734522507158451,0.00019397928086933194,-4.286612994567294
0.008029999999999841,411.3792142275994,0.8737202936183432,0.00019393642445832411,-4.291957898550545
0.00803999999999984,411.41458388952907,0.873988736822199,0.00019389352661830508,-4.297302802533796
0.00804999999999984,411.45001129921883,0.8742576792436713,0.00019385057163700354,-4.302647706517047
0.00805999999999984,411.48549689095364,0.8745271244888877,0.00019380755904607592,-4.307992610500297
0.00806999999999984,411.5210406596068,0.8747970728291619,0.00019376448891041578,-4.313337514483548
0.008079999999999839,411.5566293484758,0.875067423859319,0.00019372137734515626,-4.318682418466799
0.008089999999999839,411.59227596779846,0.8753382766871141,0.00019367820864157916,-4.32402732245005
0.008099999999999838,411.62798095508936,0.8756096349494892,0.00019363498232845405,-4.329372226433301
0.008109999999999838,411.66374430766524,0.8758814989393421,0.00019359169846815797,-4.334717130416552
0.008119999999999837,411.6995527515905,0.876153768031547,0.00019354837317764217,-4.340062034399802
0.008129999999999837,411.73541931018343,0.8764265415266461,0.00019350499075178898,-4.345406938383054
0.008139999999999837,411.7713444242366,0.8766998230927313,0.00019346155071646627,-4.350751842366305
0.008149999999999836,411.8073280934771,0.876973613044251,0.0001934180531315507,-4.3560967463495555
0.008159999999999836,411.84335702666596,0.8772478105347422,0.00019337451411576283,-4.361441650332806
0.008169999999999835,411.87944426028906,0.877522515058915,0.00019333091796763295,-4.3667865543160564
0.008179999999999835,411.91559023843297,0.8777977303162787,0.00019328726421011263,-4.372131458299307
0.008189999999999835,411.9517949632241,0.8780734566428468,0.00019324355290059402,-4.377476362282559
0.008199999999999834,411.9880451260508,0.8783495929694264,0.00019319980015951825,-4.38282126626581
0.008209999999999834,412.02435377662897,0.8786262389862323,0.00019315599028911105,-4.38816617024906
0.008219999999999833,412.0607213623617,0.8789033984244746,0.00019311212280939317,-4.393511074232311
0.008229999999999833,412.09714788778,0.8791810716417846,0.00019306819777528792,-4.398855978215562
0.008239999999999833,412.1336200268251,0.8794591573448244,0.00019302423130890844,-4.404200882198814
0.008249999999999832,412.17015084249647,0.8797377554206397,0.00019298020771622333,-4.409545786182064
0.008259999999999832,412.2067407855505,0.8800168696324595,0.00019293612651430782,-4.414890690165315
0.008269999999999831,412.2433898629106,0.8802965003595459,0.00019289198775563233,-4.420235594148566
0.008279999999999831,412.28008473098515,0.8805765460829702,0.00019284780756393335,-4.425580498131817
0.00828999999999983,412.31683846615493,0.8808571068880388,0.00019280357024896978,-4.430925402115068
0.00829999999999983,412.3536515225154,0.8811381865702114,0.00019275927532485658,-4.436270306098319
0.00830999999999983,412.3905239094189,0.8814197855304983,0.00019271492284162733,-4.44161521008157
0.00831999999999983,412.42744226565844,0.8817018020229317,0.00019267052892459302,-4.44696011406482
0.008329999999999829,412.464419681039,0.8819843363324006,0.0001926260778873504,-4.452305018048071
0.008339999999999828,412.5014566130749,0.8822673922870083,0.00019258156924103955,-4.4576499220313215
0.008349999999999828,412.5385530734629,0.8825509703093772,0.00019253700303327288,-4.462994826014573
0.008359999999999828,412.57569568333264,0.8828349684251139,0.0001924923953908874,-4.468339729997823
0.008369999999999827,412.6128975460101,0.8831194871201364,0.00019244773063136514,-4.473684633981074
0.008379999999999827,412.65015912240835,0.8834045302553951,0.00019240300826285658,-4.479029537964325
0.008389999999999826,412.6874804266094,0.8836900982752538,0.00019235822833056892,-4.484374441947577
0.008399999999999826,412.7248480619929,0.8839760889754175,0.00019231340696281647,-4.489719345930828
0.008409999999999826,412.76227514544144,0.8842626030441574,0.000192268528481014,-4.495064249914078
0.008419999999999825,412.7997621413298,0.8845496443756554,0.00019222359239030773,-4.500409153897329
0.008429999999999825,412.837309066125,0.8848372134360596,0.00019217859873351547,-4.50575405788058
0.008439999999999824,412.87490521069805,0.8851252285218572,0.00019213356039900033,-4.511098961863831
0.008449999999999824,412.9125595434137,0.8854137586385127,0.00019208846669996566,-4.516443865847082
0.008459999999999824,412.9502770025008,0.8857028419726497,0.00019204331178586758,-4.521788769830333
0.008469999999999823,412.9880481889081,0.885992406820332,0.00019199810697012248,-4.527133673813583
0.008479999999999823,413.025873026617,0.886282452907327,0.0001919528523993848,-4.532478577796835
0.008489999999999822,413.0637610048259,0.8865730533335406,0.0001919075367816181,-4.537823481780085
